"optGrpID","optGrpWorkingName"
"1358","1/4NPT"
"1359","1/4NPT+1/8"
"1360","1/4NPT-only"
"810","106-049"
"302","16OZ"
"654","1992 Lettering Brush"
"299","2OZ"
"1260","2OZ PET"
"1365","2oz Training Kit Lumilor"
"193","3 Sizes-ONE 106/108/153/155"
"1410","3 Sizes-ONE 153 *QP O/S*"
"1411","3 Sizes-ONE 155 *QP/HP O/S*"
"874","3M 0652 Tape"
"1145","3M 16615 Accuspray Head 1.2"
"1245","3M 363 Poly Tape"
"505","3M 5527"
"733","3M Blue Painters Tape"
"492","3M Finish"
"494","3M Gold Disk (125)"
"969","3M Gold Disk (75)"
"495","3M Gold Disk (75)"
"493","3M Gold Sheet"
"491","3M Hookit"
"350","3M Masking"
"667","3M Perfect It Rubbing Compound"
"1119","3M PPS 16000"
"1120","3M PPS 16024"
"1121","3M PPS 16028"
"1129","3M PPS 16065"
"1130","3M PPS 16066"
"1131","3M PPS 16091"
"1122","3M PPS 16112"
"1123","3M PPS 16114"
"1124","3M PPS 16301"
"1125","3M PPS 16312"
"1126","3M PPS 16314"
"1127","3M PPS 16325"
"1128","3M PPS 16328"
"603","3M Swirl Remover"
"806","3M Trizact"
"604","3M Ultrafina SE"
"353","3M Wet/Dry"
"656","3M Xtra Cut Rubbing Compound"
"967","3M Yellow Automotive Tape"
"697","4006L"
"1094","4007L One Shot"
"865","4012 Reducer"
"1424","4012 Reducer *O/S Sizes*"
"1008","4020 Reducer"
"1003","4030 Intercoat"
"1135","4040 Bleed Checker"
"1285","4050 UVLS Gloss"
"1286","4051 UVLS Satin"
"1287","4052 UVLS Matte"
"300","4OZ"
"1073","4oz Bundle Lumicolor"
"1188","4oz Bundle Lumilor"
"1258","4OZ PET"
"1184","4oz PRO Bundle Lumilor"
"1183","4oz PRO Training Kit Lumilor"
"1153","4oz Training Kit Lumilor"
"1244","5087 Illustration Op. Set"
"540","5400C"
"19","5618 Cleaner"
"356","5900"
"194","7 Sizes-ONE 109-111"
"524","7102 High Teck"
"361","7447"
"362","7448"
"522","77165 High Teck"
"1070","77165 High Teck KIT"
"196","8 Sizes-ONE 161-165"
"301","8OZ"
"1150","8oz Bundle Lumilor"
"1259","8OZ PET"
"1185","8oz PRO Bundle Lumilor"
"1047","9500"
"1048","9520"
"618","ABA Tees"
"843","AC7 Cleaning"
"248","Accessories-Revolutions"
"840","Accessories-T Shirt Kits (AC-7)"
"712","Advantage Reducer"
"710","Advantage Single Stage"
"666","Advantage Wax and Grease"
"531","AF20"
"418","Air Gunsa HVLP"
"419","Air Gunsa Non HVLP"
"567","Air Opaque"
"1044","Airbrush Case FREE"
"1356","Airbrush Grips"
"528","AJ Extreme"
"527","AJ Mini"
"1206","Alpha 6 Free Accessories Black Friday"
"1208","Alpha6 - 01"
"1209","Alpha6 - 02"
"1210","Alpha6 - 03"
"1211","Alpha6 - 04"
"1212","Alpha6 - 05"
"1213","Alpha6 - 06"
"1214","Alpha6 - 07"
"1215","Alpha6 - 08"
"1216","Alpha6 - 09"
"1217","Alpha6 - 10"
"1218","Alpha6 - 11"
"1219","Alpha6 - 12"
"1220","Alpha6 - 13"
"1221","Alpha6 - 14"
"1222","Alpha6 - 15"
"1223","Alpha6 - 16"
"1232","Alpha6 - Black/White"
"1237","Alpha6 - Black/White (No 4oz Can)"
"1238","Alpha6 - Black/White (NO Cans)"
"1233","Alpha6 - Colors"
"1235","Alpha6 - Colors (No 4oz Can)"
"1236","Alpha6 - Colors (NO Cans)"
"1266","Alpha6 - Colors 5oz Bottle ONLY"
"1291","Alpha6 - Electroshock 5oz Bottle ONLY"
"1292","Alpha6 - Electroshock Bottles ONLY"
"1243","Alpha6 - Metallic Gold (NO Cans)"
"1234","Alpha6 - Metallic Silver (NO Cans)"
"387","Alsa Black Candy"
"386","Alsa Candy"
"380","Alsa Clear"
"381","Alsa Hardener"
"566","Aluminum Bases"
"1437","Aluminum Bases 16/32"
"1438","Aluminum Bases 32oz"
"1439","Aluminum Bases 4/32"
"1436","Aluminum Bases 4oz"
"532","AMG"
"711","AMG150"
"601","Anest Iwata Spray Gun Lube"
"1343","Anest Iwata Spray Suit"
"1377","AOLN"
"1340","AP01 Adhesion Promoter"
"696","Aquaflow Retarder"
"561","AR"
"533","AR20"
"344","Architec Scales"
"557","Argyle"
"346","Art Mask"
"845","ASK-1 Kit"
"846","ASK-3 Kit"
"847","ASK-4 Kit"
"975","Aurora III"
"1072","Auto Borne Sealer Transparent"
"908","Auto Borne Sealers"
"1338","Auto Borne Sealers 16/32"
"1155","Auto Borne Sealers 8/16/32"
"1109","Auto Borne Sealers w/ 2oz"
"794","Automask"
"306","Automask"
"795","Automask-Semi Trans"
"640","Autumn Hue Leaf"
"530","AW20"
"371","Badger Jars"
"469","Base Pearls"
"545","Beaters"
"552","Beezlebub"
"916","Black Friday"
"1268","Black Ops Coating ( FREE COATING - Micron)"
"1270","Black Ops Coating ( FREE COATING Micron - No Pics)"
"1269","Black Ops Coating ( PROMO / 1/2 OFF ECL2000)"
"1272","Black Ops Coating ( PROMO / 1/2 OFF Micron - No Pics)"
"1271","Black Ops Coating ( PROMO / 1/2 OFF Micron)"
"1091","Black Ops Coating ( PROMO / 1/2 OFF)"
"1010","Black Ops Coating (NO price / Promo - PART NUMBERS AND BRUSHES NEED TO BE ADDED STILL)"
"1011","Black Ops Coating (with price) NO PICS"
"1103","Black Ops Coating C+ (with price)"
"1012","Black Ops KCM Coating (no price PROMO)"
"1092","Black Ops KCM Coating (With Price)"
"852","Blasted-FX"
"703","Blue Tiger Leaf"
"743","Bobbo 7800"
"796","Bobbo-LongBob"
"496","Bobbo-Mack"
"274","Bottles-VL"
"374","BT-Hose"
"802","Buff N Shine Adapt"
"699","Bulldog Adhesion Promoter"
"563","BZ"
"588","C145"
"589","C160"
"815","CAAIRTOOLSQDSET"
"542","Cabbie Hat"
"1002","Candy2o"
"593","Choose-Bomb"
"553","Circle Sox"
"390","Clear 4 Chrome"
"389","Clear 4 Chrome Hardener"
"333","Clear Base Extender"
"1386","Coast Baseball T's All"
"587","Coast Hats"
"1159","Coast Hats L/XL Only"
"1158","Coast Hats S/M Only"
"1352","Coast T's (M/L/2X)"
"1392","Coast T's (No M)"
"1169","Coast T's (No S/L)"
"1019","Coast T's 2X/3X/OS"
"582","Coast T's All"
"1144","Coast T's All (No 3X)"
"1226","Coast T's All (No S/3X)"
"1357","Coast T's All (S-4X)"
"1146","Coast T's All (S-XL)"
"1387","Coast T's FLAKE All"
"1138","Coast T's L"
"1353","Coast T's L/XL"
"1140","Coast T's L/XL/2X/3X"
"1137","Coast T's M/L/XL"
"1157","Coast T's M/XL"
"1171","Coast T's M/XL/3XL"
"1139","Coast T's S/OS"
"1351","Coast T's SMALL only"
"683","Coast Vinyl Mask"
"583","Coast Workshirt"
"628","Cob Web"
"1","Color"
"485","Color Blender"
"606","Color Horizons Base Colors 1"
"607","Color Horizons Base Colors 2"
"608","Color Horizons Base Colors 3"
"609","Color Horizons Candy Concentrates"
"617","Color Horizons EXEMPT Fast Reducer"
"616","Color Horizons EXEMPT Medium Reducer"
"615","Color Horizons EXEMPT Slow Reducer"
"612","Color Horizons Fast Reducer"
"610","Color Horizons Hyperbase 1"
"611","Color Horizons Hyperbase 2"
"613","Color Horizons Medium Reducer"
"650","Color Horizons Mix Clear"
"614","Color Horizons Slow Reducer"
"458","Color-Baby Doll"
"457","Color-Boyfriend"
"449","Color-Puff"
"141","Compound"
"215","Compounds"
"973","Conversion .18mm Micron"
"974","Conversion .18mm Micron (sig series)"
"1020","Conversion .23mm Micron"
"861","Conversion .2mm Hi Line"
"928","Conversion .2mm Plus"
"658","Conversion .35mm Eclipse"
"1025","Conversion .35mm NEO"
"918","Conversion .3mm Hi-Line"
"1021","Conversion .3mm Revolution"
"1024","Conversion .3mm Revolution TR"
"860","Conversion .5mm Eclipse"
"1029","Conversion .5mm Eclipse Coated"
"1026","Conversion .5mm NEO"
"1022","Conversion .5mm Revolution"
"1023","Conversion .5mm Revolution TR"
"358","Coverall"
"941","CP3820"
"940","CP5800"
"939","CP5810"
"945","CP5825"
"947","CP5845"
"944","CP5855"
"942","CP5865"
"946","CP5875"
"943","CP5885"
"645","Cranberry Hue Leaf"
"910","Createx Adhesion 5092"
"1162","Createx Cross-Linker 4015/4016"
"828","Createx Illustration"
"1240","Createx Illustration Black 5051"
"1290","Createx Illustration CMYK"
"1289","Createx Illustration Neutral Grey"
"539","Createx Male"
"905","Createx Tshirts"
"1108","Createx Tshirts (L/2X)"
"1107","Createx Tshirts (L/XL)"
"1099","Createx Tshirts (L/XL/2X)"
"1106","Createx Tshirts (XL/2X)"
"1257","Createx Vinny Shirt"
"911","Crown Upgrade-HPA, B, SB"
"378","Crystal FX"
"797","CSI Ceram-X"
"798","CSI D1"
"800","CSI Wax"
"799","CSI Wax"
"343","Cutting Mat"
"438","Cutting Mats"
"341","Cutting Rails"
"507","Dagr Cups"
"512","DAGR hoses"
"549","Death Eagle"
"555","Death Skull"
"332","Denim Base"
"359","Diamond Grip"
"568","Dirty Works"
"508","Dura Liners"
"518","Dura Platinum"
"731","Duraglas"
"917","Dura-Lar"
"896","Dux Quick Dry"
"1414","Dux Quick Dry *4oz O/S"
"897","Dux Slow Dry Dry"
"732","Dynatron Resin"
"251","Easel Tray"
"748","EBA Manifold"
"1152","EBA Vibe Blk/Wht"
"745","EBA Vibe FX"
"744","EBA Vibe Standard"
"1418","Eclipse Head Wrench"
"538","ERP"
"720","European Body Art Metallic/Glow"
"719","European Body Art Standard"
"659","Evercoat Glazing Putty"
"1148","Excel Grip Knife"
"729","Ez Coat"
"347","EZ Grip"
"594","F74-76"
"363","Fast Blast"
"364","Fast Blast Complete"
"481","Fatbob Tank"
"1398","FBS 480 Production"
"1397","FBS 481 Performance"
"813","FBS AutoGrafix Tape ALL"
"1370","FBS AutoGrafix Tape LARGE 20% Discount"
"1369","FBS AutoGrafix Tape SMALL"
"1225","FBS Blue Mask"
"1088","FBS Gold Mask"
"1399","FBS GREEN Mask"
"1049","FBS K-56"
"951","FBS K-UTG Tape"
"814","FBS ProMask"
"927","FBS PT43"
"1066","FBS PT43 Micro"
"1114","Fender Guitar"
"1242","Fisheye FREE"
"1350","FK50 Flake Binder"
"1383","Flake King Corroded Coppa"
"1256","Flake King CUT [ALL]"
"1252","Flake King M/L/D [Show Krome]"
"1250","Flake King Medium/Large [02-22]"
"1253","Flake King Medium/Large [Kro. Show Krome]"
"1251","Flake King Medium/Large [Kromatic $18.18]"
"1173","Flake King Options"
"1249","Flake King Small [FKS01-FKS21]"
"1255","Flake King Small [Kro. Show Krome]"
"1246","Flake King Ultra Small [FKU01]"
"1247","Flake King Ultra Small [FKU02]"
"1248","Flake King Ultra Small [FKU23]"
"1384","Flake King Vintage Iron"
"1254","Flake King XL [Show Krome]"
"837","Flake Option"
"464","Flat Clear"
"465","Flat Clear Hardener"
"638","Flesh Tone Base"
"526","Flesh Tones"
"739","Flow Paste Color"
"822","FM35 Tape"
"564","FN"
"958","FREE BT Hose"
"1045","free Hose Paasche"
"959","FREE Keychain"
"1371","FREE Nozzles & Cleaner"
"919","Free Paint Set Xmas"
"342","Frisk"
"803","G6 Model"
"377","Ghost Chrome"
"509","Gift Card"
"924","Gift Card $100"
"920","Gift Card $20"
"921","Gift Card $45"
"922","Gift Card $50"
"923","Gift Card $75"
"844","Gift Card Shipping"
"556","Gomez"
"352","Green Paper"
"413","Grey Wheel"
"826","Grifhold 24-F"
"820","GRIM Holders"
"303","Grit-psquares"
"216","Grits-Virtus"
"217","Grits-Virtus Carbon"
"394","Gun Holder"
"1054","GXS24 Stand"
"370","H Glass"
"143","H Parts"
"514","H1921"
"468","Hawaiian Hues"
"580","HBB"
"581","HBB Sets"
"801","Helix Refill"
"1071","Helix White Sketch"
"373","Helmet Stand"
"1116","Herb Martinez Series 10"
"687","Hobbyair 1"
"689","Hobbyair Buddy"
"688","Hobbyair II"
"1426","HOK KM: Green Monster S2-Karrier"
"1425","HOK KM: Green Monster SG"
"1415","HOK KM: Pinkie"
"1406","HOK KM: Rose Gold"
"1389","HOK Reducer"
"1382","HOK Spray Suit"
"868","HOK-LSTEE"
"870","HOK-PITCREW"
"761","HOKS2-00"
"762","HOKS2-01"
"763","HOKS2-02"
"764","HOKS2-03"
"765","HOKS2-04"
"766","HOKS2-05"
"767","HOKS2-06"
"768","HOKS2-07"
"769","HOKS2-08"
"770","HOKS2-09"
"771","HOKS2-10"
"772","HOKS2-11"
"773","HOKS2-12"
"774","HOKS2-13"
"775","HOKS2-14"
"776","HOKS2-15"
"777","HOKS2-16"
"887","HOKS2-17"
"888","HOKS2-18"
"898","HOKS2-BC02"
"791","HOKS2-BLK/WHT"
"1385","HOKS2-Coarse-Metallics"
"778","HOKS2-Kamelions"
"1170","HOKS2-Kamelions (2oz Only)"
"751","HOKS2-KD3000"
"1354","HOKS2-KD3000A"
"850","HOKS2-KD3001"
"851","HOKS2-KD3002"
"752","HOKS2-KDA3000"
"779","HOKS2-Kos Sparks"
"780","HOKS2-Kos Styling $59.96"
"1346","HOKS2-Kos Styling $63.53"
"1347","HOKS2-Kosamene $47.78"
"784","HOKS2-Kosamene $50.61"
"756","HOKS2-KU152"
"1030","HOKS2-LE"
"1355","HOKS2-LE Lime Mist"
"1046","HOKS2-LEKIT"
"781","HOKS2-Met-41"
"782","HOKS2-Met-42"
"783","HOKS2-Met-43-47"
"786","HOKS2-Metalume-1"
"787","HOKS2-Metalume-2"
"788","HOKS2-Metalume-3"
"789","HOKS2-Metalume-4"
"790","HOKS2-Metalume-5"
"1388","HOKS2-Midnight Series"
"755","HOKS2-S2-SG100"
"792","HOKS2-SG100"
"753","HOKS2-UKK01"
"754","HOKS2-USC01"
"1017","HOKS2-USC01 - GALLON"
"869","HOK-TSHIRT"
"136","HOK-V4000"
"135","HOK-V6000"
"137","HOK-V7000"
"138","HOK-V8000"
"250","Hose-Iwata"
"970","Hose-Iwata (no 6)"
"437","Hot Matz"
"1342","Hyper FX Auto Air"
"1378","HYPER SHIFT T1"
"1379","HYPER SHIFT T2"
"1380","HYPER SHIFT T3"
"1381","HYPER SHIFT T4"
"1390","HYPER SHIFT T5"
"1391","HYPER SHIFT T6"
"1293","I490"
"829","Illustration Base (Createx Illustration Colors)"
"1182","Illustration Opaque Black"
"1181","Illustration Opaque White"
"830","Illustration Reducer (Createx Illustration Colors)"
"579","IMSR"
"704","Indian Summer Leaf"
"536","IRP"
"1267","Iwata Keychain"
"1207","Iwata Micron Case and Hose Black Friday"
"805","J-003"
"876","JATech Blue Hoses"
"875","JATech Green Hoses"
"881","JATech Hi-Flo Female Coupler"
"879","JATech Hi-Flo Male"
"878","JATech Hi-Flo Swivel"
"880","JATech M-Style Stainless Male"
"886","JATech M-Style Zinc Male"
"877","JATech Red Hoses"
"883","JATech Steel Standard Grade Female Coupler"
"884","JATech T-Style Stainless Male"
"885","JATech T-Style Zinc Male"
"882","JATech Universal Standard Female Coupler"
"1180","K200 Kustom Handle Option"
"534","K40"
"759","Kafka Kwills"
"758","Kafka Liners"
"741","Kake-Band"
"410","K-Blocks"
"817","KKTS Shipping"
"816","KKW Shipping"
"735","Klean Strip Acetone"
"734","Klean Strip Lacquer Thinner"
"128","KOP-1oz"
"433","KOP-All"
"742","Kroma Bags"
"737","kroma kolor color"
"740","kroma kolor set"
"738","kroma kolor Size"
"520","Lavallee Shirt"
"633","Lazer Line Black Plague"
"629","Lazer Line Brush 3"
"631","Lazer Line Cabriolet Brushes"
"636","Lazer Line Green with Envy"
"632","Lazer Line Nuclear Fall Out"
"630","Lazer Line Original Striping Brush Head"
"637","Lazer Line Quill"
"634","Lazer Line Scarlet Fever"
"635","Lazer Line The Golden Boys"
"544","LM3610"
"1095","Lumilor 4oz Color"
"1080","Lumilor 8oz color"
"1228","Lumilor Car Shapes"
"1229","Lumilor Color Panel"
"1186","Lumilor PRO 4oz Color"
"1187","Lumilor PRO 8oz color"
"1230","Lumilor Vinyl Sample"
"400","M0116"
"404","M0316"
"406","M0616"
"405","M0716"
"403","M0916"
"407","M2016"
"408","M3416"
"402","M8032"
"401","M8232"
"399","M8332"
"398","M8432"
"397","M8532"
"434","M86"
"1341","MAC Valve Iwata"
"996","Mack Black Widow"
"1179","Mack Cornbread Casual"
"938","Mack Drag'n Fly"
"498","Mack Norris"
"1177","Mack Purple Armadillo"
"1178","Mack Purple Armadillo - Angle"
"497","Mack SLS"
"1043","Maintenance Kit FREE"
"393","Manifolds"
"412","Maroon Wheel"
"416","Masking Tape"
"432","MBC04"
"304","MC Kosmic Krome"
"460","MDT"
"723","mdt blend up"
"726","mdt buffer"
"724","mdt cabanatan"
"853","MDTX"
"680","Medea Big Mouth"
"365","Medea Clear"
"367","Medea Glass"
"372","Medea Lids"
"366","Medea Natural"
"368","Medea Side Cups"
"354","Metal Glaze"
"907","mf300"
"535","MIC Manifolds"
"1014","Micron Model (For BO promo)"
"1016","Micron Promo"
"1154","Milton Cobra Hose"
"968","Mini Flake Buster"
"375","Mirra Chrome"
"376","Mirra Chrome"
"459","Mix & Spray Kits"
"510","Moonsuit"
"565","Motorcult"
"584","Motorcult-Hoodie"
"585","Motorcult-LS"
"340","Multirail"
"470","Mystic"
"153","Nailair"
"1067","NE HOK Neons (Group1 $106.68)"
"1068","NE HOK Neons (Group2 $111.83)"
"1417","Needle Cap Keeper"
"1416","Needle Cap Keeper"
"838","Optional Airbrush"
"825","Optional Blades"
"839","Optional DVD"
"646","Orange Hue Leaf"
"690","Paasche Leisure Tan"
"841","Paint Sizes"
"893","Panel Quantity 20612"
"1101","Panel Quantity 21218"
"1102","Panel Quantity 21824"
"892","Panel Quantity Black 1218"
"890","Panel Quantity Black 1824"
"1100","Panel Quantity White 1218"
"891","Panel Quantity White 1824"
"144","Parts-H 2"
"1336","PBC 100"
"833","PBC 102"
"57","PBC 30"
"1319","PBC 31"
"1320","PBC 32"
"1321","PBC 35"
"1322","PBC 36"
"1323","PBC 37"
"1324","PBC 38"
"1325","PBC 39"
"1326","PBC 40"
"1327","PBC 42"
"1328","PBC 43"
"1329","PBC 44"
"1330","PBC 47"
"1331","PBC 48"
"1332","PBC 49"
"1333","PBC 64"
"1334","PBC 65"
"1335","PBC 66"
"355","PCL"
"821","Peewee 800"
"842","Pinstripe Kit Color"
"894","PJ Bomb"
"995","PJ Brush"
"993","PJ Eyeball"
"994","PJ Pump"
"992","PJ Ribon"
"991","PJ Scarab"
"895","PJ Tiki"
"1161","PKG T's All Sizes"
"562","PO"
"554","Pogo"
"321","Pounce Bags"
"320","Pounce Powder"
"319","Pounce Wheels"
"414","Practice Pellon"
"1172","Pre-Set Handles"
"396","PRI"
"471","Prizmacoat"
"663","Pro Makeup Kit"
"664","Pro Makeup Kit w/ DVD"
"925","ProAir Paint"
"926","ProAir Paint (black/white)"
"1151","Proband Blue"
"889","Proband Green"
"351","Proband Orange"
"1111","Proband Red"
"515","Propel"
"727","Propel Set"
"586","QDA"
"914","Quick Connect G3/5"
"1339","Quick Connect Set"
"823","Quick Connects"
"824","Quick Connects 6pk"
"546","Raglans"
"730","Raven Gloves"
"698","RCGO"
"605","Red Tiger Leaf"
"357","Respro"
"384","Retroglow"
"717","Rolco Quick"
"718","Rolco Slow"
"550","Rolled Beanie"
"466","Rubber Clear"
"467","Rubber Clear Hardener"
"1421","RUPES DA COARSE"
"1420","RUPES DA FINE"
"1422","RUPES UNO ALL IN ONE"
"1423","RUPES UNO ULTRA FINE"
"541","Rust Mort"
"950","RZ-Filters"
"760","RZmask"
"871","S2 base karrier aerosol"
"872","S2 FX pack Aerosol"
"988","S2 SG"
"1231","S2-SG105"
"1372","Sani Kit Compressor"
"674","Sata Mini Jet 4"
"675","SataJet 3000"
"676","SataJet 3000RP"
"957","SataJet 4000HVLP"
"956","SataJet 4000RP"
"952","SataJet 5000"
"953","SataJet 5000RP"
"955","SataMiniJet 4400 HVLP"
"954","SataMiniJet 4400 RP"
"558","SB & BK"
"211","SBMOIST"
"695","SBPRIM"
"436","Scales"
"1174","Scenix Clear Sizes - Gloss"
"1175","Scenix Clear Sizes - Matte"
"1176","Scenix Clear Sizes - Satin"
"1283","Scenix Fluorescent - $57/$190"
"1189","Scenix HIGH PERFORMANCE Sizes - $50/$175"
"1190","Scenix HIGH PERFORMANCE Sizes - $55/$195"
"1193","Scenix Sizes - $23.36/$89"
"1204","Scenix Sizes - $30.19/$115"
"1199","Scenix Sizes - $32.81/$125"
"1202","Scenix Sizes - $35.44/$115"
"1192","Scenix Sizes - 7002"
"1195","Scenix Sizes - 7005"
"1196","Scenix Sizes - 7006"
"1197","Scenix Sizes - 7007"
"1198","Scenix Sizes - 7008"
"1200","Scenix Sizes - 7010"
"1201","Scenix Sizes - 7011"
"1203","Scenix Sizes - 7013"
"1205","Scenix Sizes - 7016"
"1265","Scenix UV - Clear"
"1262","Scenix UV - Green"
"1261","Scenix UV - Red"
"1264","Scenix UV - White"
"1263","Scenix UV - Yellow"
"488","Scharff 2100"
"489","Scharff 2110"
"490","Scharff 2190"
"559","SD"
"506","Series 1010"
"1084","Series 1111"
"660","Series 169 Quills"
"218","Series 179"
"487","Series 179L"
"219","Series 189"
"486","Series 189L"
"242","Series 250"
"714","Series 40"
"502","Series 4031"
"503","Series 4039"
"500","Series 4042"
"499","Series 4055"
"501","Series 4090"
"244","Series 70"
"713","Series 818"
"220","Series 838"
"221","Series 839"
"529","Series 840"
"599","Series BR3010"
"598","Series BR3016"
"596","Series BR3017"
"597","Series BR3173"
"595","Series BR95"
"95","SG100"
"26","SG101"
"1294","SG102"
"1295","SG103"
"1296","SG104"
"1297","SG106"
"1298","SG108"
"1299","SG114"
"987","SG115"
"439","SG150"
"1042","Shipping Lumilor ($15)"
"1074","Shipping Lumilor ($20)"
"1077","Shipping Lumilor ($45)"
"1082","Shipping Lumilor ($9)"
"1461","Shirt Board Shipping (US/48)"
"252","Shirt Boards"
"511","Shootsuit"
"262","Side Cups-SB's"
"4","Size (Socks)"
"577","Size Hobby Mask KK"
"452","Size-Baby & Puff"
"453","Size-Boyfriend"
"451","Size-Doug Dorr"
"264","Size-I-015"
"272","Size-I-030"
"266","Size-I-040"
"255","Size-I-075"
"257","Size-I-080 (+/Hi Line)"
"256","Size-I-080 (HP)"
"265","Size-I-100"
"258","Size-I-110"
"268","Size-I-115 (+/Hi Line)"
"267","Size-I-115 (HP)"
"273","Size-I-120"
"269","Size-I-135"
"260","Size-I-140 (+/Hi Line)"
"259","Size-I-140 (HP)"
"261","Size-I-150"
"270","Size-I-170 (HP)"
"472","Size-LPH440"
"450","Size-Mens Lined"
"447","Size-Mens Long Tee"
"442","Size-Mens Long Work"
"443","Size-Mens Tees"
"448","Size-Mens Thermal"
"441","Size-Mens Unlined"
"446","Size-Mens Vintage"
"445","Size-Mens Workshirt"
"263","Size-Pre Sets (HP)"
"456","Size-Raglan"
"1147","Sizes (Createx Clear Coat)"
"17","Sizes (Iridescents)"
"21","Sizes (Opaque Base)"
"16","Sizes (Pearls)"
"23","Sizes (Top Coats))"
"146","Sizes 100 G"
"1419","Sizes 100 G FINE* O/S"
"148","Sizes 100 LG"
"147","Sizes 100 SF"
"145","Sizes 100 SG"
"149","Sizes 175"
"150","Sizes 2020-1"
"151","Sizes 2020-2"
"103","Sizes AP"
"68","Sizes BC Group 1 $79.52"
"1348","Sizes BC Group 2 $89.25"
"66","Sizes BC01"
"67","Sizes BC02"
"1349","Sizes BC03"
"78","Sizes BC25"
"1050","Sizes BC25 NO GAL"
"79","Sizes BC26"
"1018","Sizes BC26 - No Q"
"482","Sizes Chop Rags"
"121","Sizes DP 23"
"120","Sizes DP 29"
"124","Sizes DP 34"
"123","Sizes DP 35"
"125","Sizes DP 40"
"122","Sizes DP 42"
"119","Sizes DP19/21/24/28"
"109","Sizes F14-F15"
"110","Sizes F16-F24"
"111","Sizes F28-F66"
"112","Sizes F61"
"113","Sizes F70-F73"
"72","Sizes FBC01"
"284","Sizes FBC02"
"292","Sizes FBC03"
"293","Sizes FBC04"
"1098","Sizes FBC05"
"74","Sizes FBC06"
"295","Sizes FBC07"
"75","Sizes FBC08"
"73","Sizes FBC09"
"296","Sizes FBC10/12"
"76","Sizes FBC11"
"1096","Sizes Group 2"
"1115","Sizes- Herb Martinez Series 10"
"22","Sizes Illustration Base 5608"
"126","Sizes IP"
"834","Sizes KBC (1,3,5,9,10,12)"
"976","Sizes KBC (2,4,6,7,11,13)"
"855","Sizes KBC 8 (small qty only)"
"836","Sizes KBC08"
"728","Sizes KC10"
"46","Sizes KD2000"
"80","Sizes KF"
"932","Sizes KK $45.08"
"1345","Sizes KK $47.11"
"1301","Sizes KK $47.53"
"1300","Sizes KK $48.44"
"1302","Sizes KK $49.63"
"934","Sizes KK (25)"
"574","Sizes KLG100"
"127","Sizes KLG101 & 103"
"575","Sizes KLG102"
"44","Sizes KP21"
"45","Sizes KP2CF"
"129","Sizes KPF100"
"130","Sizes KPF101"
"131","Sizes KPF102"
"132","Sizes KPF103"
"133","Sizes KPF104"
"43","Sizes KS"
"89","Sizes KU100"
"90","Sizes KU150"
"91","Sizes KU190"
"60","Sizes MB00"
"61","Sizes MB01"
"62","Sizes MB02"
"63","Sizes MB03"
"423","Sizes MBC"
"114","Sizes MF01"
"115","Sizes MF02"
"997","Sizes RTS KK"
"1104","Sizes RTS KK (25)"
"102","Sizes RU101"
"100","Sizes RU300"
"96","Sizes RU310"
"97","Sizes RU311"
"98","Sizes RU312"
"99","Sizes RU313"
"101","Sizes RU315"
"104","Sizes U01"
"105","Sizes UC03"
"92","Sizes UC35"
"94","Sizes UFC19"
"93","Sizes UFC35"
"81","Sizes UK01"
"82","Sizes UK04"
"83","Sizes UK05"
"84","Sizes UK08"
"116","Sizes UMF01-UMF02"
"117","Sizes UMF03"
"118","Sizes UMF04"
"152","Sizes Vega 2000"
"238","Sizes-10 Sword"
"749","Sizes-16001"
"750","Sizes-16115"
"213","Sizes-253A"
"214","Sizes-254B"
"210","Sizes-255A"
"212","Sizes-257C"
"700","Sizes-30 Dagger"
"1241","Sizes-30 Series Mack"
"176","Sizes-4001-4002"
"177","Sizes-4004/4007"
"1052","Sizes-4007"
"178","Sizes-4008"
"179","Sizes-4009"
"328","Sizes-4010"
"327","Sizes-4011"
"1288","Sizes-4013"
"1133","Sizes-4100 Chrome"
"1160","Sizes-4100 Gold"
"161","Sizes-4200"
"1117","Sizes-4200 16 & 32"
"1110","Sizes-4200 16oz only"
"1434","Sizes-4200 32 only"
"1134","Sizes-4200 4 & 32"
"1004","Sizes-4200 4&16 only"
"427","Sizes-4200 Fluorescent"
"163","Sizes-4300 IR"
"1444","Sizes-4300 IR 16"
"909","Sizes-4300 IR 16/32"
"1445","Sizes-4300 IR 32"
"1006","Sizes-4300 IR 4/16"
"1446","Sizes-4300 IR 4/32"
"1443","Sizes-4300 IR 4oz"
"162","Sizes-4300 P/Met"
"1093","Sizes-4300 P/Met 16/32 ONLY"
"1442","Sizes-4300 P/Met 16oz"
"1053","Sizes-4300 P/Met 32"
"1041","Sizes-4300 P/Met 4/16"
"1440","Sizes-4300 P/Met 4/32 only"
"1441","Sizes-4300 P/Met 4oz"
"1005","Sizes-4300 P/Met NO GAL"
"1448","Sizes-4400 Flair 16"
"1449","Sizes-4400 Flair 4"
"1447","Sizes-4400 Flair 4/16"
"164","Sizes-4400 Gem"
"1451","Sizes-4400 Hi-Lite +32"
"1453","Sizes-4400 Hi-Lite 16"
"1452","Sizes-4400 Hi-Lite 4"
"426","Sizes-4400 Hi-Lite 4/16"
"165","Sizes-4440/4445"
"166","Sizes-4441"
"167","Sizes-4442"
"168","Sizes-4443"
"169","Sizes-4444"
"170","Sizes-4446"
"1450","Sizes-4446 16oz"
"1163","Sizes-4500 16/32 only"
"1284","Sizes-4500 32 only"
"173","Sizes-4520-26/4501-07"
"1455","Sizes-4520-26/4501-07 +32"
"1454","Sizes-4520-26/4501-07 16 ONLY"
"1432","Sizes-4520-26/4501-07 16 ONLY"
"171","Sizes-4580/86/88"
"172","Sizes-4581-85/4587/89-90"
"1435","Sizes-4581-85/4587/89-90 *32oz ONLY"
"1412","Sizes-4581-85/4587/89-90 16/32"
"1456","Sizes-4581-85/4587/89-90 4/32"
"1458","Sizes-4600 16/32"
"1105","Sizes-4600 16oz"
"1459","Sizes-4600 32"
"1457","Sizes-4600 4/16"
"175","Sizes-4600 4oz"
"649","Sizes-4700 Auto Borne"
"222","Sizes-838"
"183","Sizes-Aeroflash"
"224","Sizes-AJ"
"202","Sizes-Aqua"
"1055","Sizes-Aqua Flow Hot Tracer (16/32)"
"1034","Sizes-Aqua Flow Hot/Op (16/32)"
"960","Sizes-Aqua Flow Hot/Op (16/32/G)"
"1040","Sizes-Aqua Flow Hot/Op (4/16/32)"
"962","Sizes-Aqua Flow Hot/Op (4/16/32/G)"
"1033","Sizes-Aqua Flow Hot/Op (8/16/32)"
"961","Sizes-Aqua Flow Hot/Op (8/16/32/G)"
"204","Sizes-Aqua Flow Hot/Op (ALL)"
"1038","Sizes-Aqua Flow Hot/Op (NO Gal)"
"1344","Sizes-Aqua Flow Hot/Op BLUE/AQUA (16/32)"
"1035","Sizes-Aqua Flow T (16/32)"
"203","Sizes-Aqua Flow T (16/32/G)"
"1036","Sizes-Aqua Flow T (4/16/32)"
"966","Sizes-Aqua Flow T (4/16/32/G)"
"1037","Sizes-Aqua Flow T (8/16/32)"
"965","Sizes-Aqua Flow T (8/16/32/G)"
"963","Sizes-Aqua Flow T (ALL)"
"1039","Sizes-Aqua Flow T (NO Gal)"
"1136","Sizes-Auto Air Gloss Black"
"305","Sizes-Automask"
"322","Sizes-Aztek Glass"
"324","Sizes-Aztek Gravity Side"
"323","Sizes-Aztek Side"
"624","Sizes-BC KIT"
"298","Sizes-Black blanks"
"903","Sizes-BLKLPH400"
"899","Sizes-BLKLPH50"
"900","Sizes-BLKLPH80"
"902","Sizes-BLKLS400"
"1089","Sizes-BLKLS400E"
"901","Sizes-BLKRG3"
"307","Sizes-Blue Fine Line"
"237","Sizes-Bpres"
"326","Sizes-Canvas 1/2"
"325","Sizes-Canvas 1-1/2"
"484","Sizes-Chop Rags High"
"483","Sizes-Chop Rags Low"
"686","Sizes-CM6"
"180","Sizes-Comart"
"1149","Sizes-Comart 4 & 16"
"182","Sizes-Comart Cleaner"
"670","Sizes-Createx Fluor. Set"
"672","Sizes-Createx Iridescent Set"
"669","Sizes-Createx Op. Set"
"671","Sizes-Createx Pearl Set"
"668","Sizes-Createx Trans Set"
"590","Sizes-Crescent 9208"
"229","Sizes-DC Flatliner"
"1085","Sizes-DC MM"
"1086","Sizes-DC MS"
"702","Sizes-Dura"
"684","Sizes-Evercoat Car Cover"
"241","Sizes-F/L"
"655","Sizes-FBC KIT"
"189","Sizes-Frosty Pearls"
"187","Sizes-Ghost Flake"
"245","Sizes-Glawson"
"206","Sizes-Grafix Frisk Roll"
"600","Sizes-Grafix Frisk Sheet"
"308","Sizes-Green Fine Line"
"309","Sizes-Green Masking Tape"
"140","Sizes-H"
"226","Sizes-Hannukaine"
"913","Size-Shirts"
"1090","Size-Shirts Red/Ivory"
"504","Size-Shirts Staff"
"142","Sizes-HOSEMT"
"209","Sizes-HS Hardener Virtus"
"235","Sizes-Iridescent"
"246","Sizes-Jet Stroke"
"430","Sizes-Kafk Script"
"856","Sizes-Kafka Brush Oil"
"234","Sizes-Kafka Long"
"233","Sizes-Kafka Signature"
"592","Sizes-Kafka Smooth Stroke"
"569","Sizes-KBC (17,19)"
"620","Sizes-KBC KIT"
"622","Sizes-KK KIT"
"619","Sizes-Lazer Line Heads"
"591","Sizes-Letramax Hot Pres"
"334","Sizes-LPH100"
"428","Sizes-LPH300"
"335","Sizes-LPH400"
"431","Sizes-LPH400-LVB"
"576","Sizes-LPH400LVX"
"867","Sizes-LPH400SCS"
"337","Sizes-LPH50"
"429","Sizes-LPH80"
"866","Sizes-LPH80SCS"
"240","Sizes-M/B"
"239","Sizes-M/L"
"243","Sizes-Mach1"
"626","Sizes-MB KIT"
"625","Sizes-MBC KIT"
"639","Sizes-NE KIT"
"191","Sizes-ONE 100/104/168"
"1393","Sizes-ONE 100/104/168 *HP/PT O/S*"
"1394","Sizes-ONE 100/104/168 *HP/PT/QT O/S*"
"1374","Sizes-ONE 100/104/168 *QP O/S*"
"192","Sizes-ONE 101/103/114-118/149/150/152/157-58/160/195"
"474","Sizes-ONE 102"
"197","Sizes-ONE 120/130/132/134/141"
"473","Sizes-ONE 124"
"1433","Sizes-ONE 130L P/Q *O/S*"
"1375","Sizes-ONE 130L QP/HP *O/S*"
"1409","Sizes-ONE 132L *QP O/S*"
"198","Sizes-ONE 142/144/148/191"
"199","Sizes-ONE 143/151/154/156/193"
"195","Sizes-ONE 199"
"1460","Sizes-ONE 199 8/32 O/S"
"1413","Sizes-ONE 199 HP ONLY"
"1464","Sizes-ONE 199L Pint Only"
"476","Sizes-ONE 4001"
"477","Sizes-ONE 4002"
"478","Sizes-ONE 4005"
"811","Sizes-ONE 4015"
"249","Sizes-Paasche Hose"
"627","Sizes-PBC KIT"
"623","Sizes-PBCBLACK KIT"
"236","Sizes-Pearl Createx"
"314","Sizes-Poly Brush"
"315","Sizes-Poly Roller"
"188","Sizes-Psycho Flake"
"1087","Sizes-QM-D"
"227","Sizes-Quinn Brown"
"228","Sizes-Quinn Grey"
"184","Sizes-Regular Flake"
"906","Sizes-Regular Flake 4oz / 6oz"
"338","Sizes-RG3"
"316","Sizes-Roller Handle"
"701","Sizes-S/B"
"673","Sizes-SAS Respirator"
"685","Sizes-SBMM"
"247","Sizes-Series 127"
"424","Sizes-Series 20"
"311","Sizes-Series 40"
"425","Sizes-Series 522"
"253","Sizes-Series 75"
"859","Sizes-Series K13"
"912","Sizes-Series Squatch Watch"
"621","Sizes-SG KIT"
"185","Sizes-Shifty 1/2/3/5"
"186","Sizes-Shifty Flake"
"317","Sizes-Smoothie"
"174","Sizes-Sparkle Flake"
"190","Sizes-Special/Ghost Pearls"
"223","Sizes-SwirlyQ"
"652","Sizes-SYS202"
"201","Sizes-Tattoo"
"310","Sizes-Tip Flow"
"205","Sizes-Top Binder"
"15","Sizes-Trans/Flo/Opaque Createx"
"20","Sizes-Transparent Base"
"231","Sizes-Typhoon"
"181","Sizes-Varnish"
"254","Sizes-Vega 2000"
"329","Sizes-Velvet Tool"
"208","Sizes-Virtus HS"
"989","Sizes-Virtus KIT"
"207","Sizes-Virtus MS"
"225","Sizes-Virus"
"139","Sizes-VL"
"681","Sizes-VL Plastic Box"
"230","Sizes-Vortex"
"339","Sizes-W100"
"336","Sizes-W400"
"682","Sizes-W400LV"
"1364","Sizes-W400WBX"
"297","Sizes-white blanks"
"873","Sizes-Wicked Cleaner"
"651","Sizes-Wicked Reducer"
"716","Sizes-Wicked Trans Base"
"232","Sizes-Xcaliber"
"1142","Sizes-Yurek 16 & 32"
"998","Sizes-Yurek 4 & 16"
"1143","Sizes-Yurek 4 & 16 TOPCOAT"
"999","Sizes-Yurek 4 & 32"
"330","Sizes-Yurek 4, 16 & 32"
"1001","Sizes-Yurek Flo/Met 16 & 32"
"1000","Sizes-Yurek Flo/Met 4 & 16"
"1141","Sizes-Yurek Flo/Met 4 & 32"
"331","Sizes-Yurek Flo/Met 4, 16 & 32"
"455","Size-Womens Vintage,Jacket,Diner"
"517","Skin Tones"
"1376","Skull Cap Combo 2PK"
"551","Skull Sox"
"548","Skull Thirteen"
"1118","Smoothie 2"
"391","Spectra Flake Size"
"392","Spectra FX"
"461","SpectraFX"
"382","Speed Clear"
"383","Speed Clear Hardener"
"1366","Speed Shapes Color"
"1367","Speed Shapes Qty"
"349","Spray Mask"
"1396","Spray Max Nozzles 3746213"
"1395","Spray Max Nozzles 3746214"
"809","Spray Max Trim Black"
"271","Spring Guide-+/HI"
"395","SRI"
"560","SS"
"318","Staedtler"
"661","Starter Makeup Kit"
"662","Starter Makeup Kit w/ DVD"
"648","Stencil Burner"
"348","Stencil Pellon"
"345","Stetch Mask"
"360","Strainers"
"804","Strainers KIT"
"385","Stylin Basecoats"
"462","Sun Screen Clear"
"463","Sun Screen Hardener"
"990","Super Nova Entech"
"721","Super Nova LS"
"722","Super Nova WS"
"415","System One Perfect Cut"
"807","System One Pro Cut"
"929","System One Production Cut HD"
"521","System One Wax"
"1156","Tamco Hardener for HC2104-G  (HH-7600 Series)"
"1164","Tamco Hardener for HC2104-Q  (HH-7600 Series)"
"1400","Tamco Hardener for HC2105 Gallon Kit"
"1401","Tamco Hardener for HC2105 Quart Kit"
"1166","Tamco Hardener for HC9500-G  (HH-7600 Series)"
"1165","Tamco Hardener for HC9500-Q  (HH-7600 Series)"
"1167","Tamco Hardener for HI-IMPACT-G  (HH-7600 Series)"
"1168","Tamco Hardener for HI-IMPACT-Q  (HH-7600 Series)"
"1405","Tamco Reducer for Gallon Mixing"
"1402","Tamco Reducer for HC2105 Gallon Kit"
"1403","Tamco Reducer for HC2105 Quart Kit"
"653","Tekna HVLP"
"657","Tekna HVLP Waterborne"
"827","TEST1"
"1462","The Last Gun Rack Color"
"157","Title Format"
"158","Title Format VHS-PAL"
"160","Title-ADV ILL"
"1276","Trigger Options CM (A/B/SB/C)"
"1277","Trigger Options CM (C+)"
"1275","Trigger Options CM (V2)"
"1282","Trigger Options CM (V2) BLACK-OPS Coated"
"1280","Trigger Options Eclipse/Revolution"
"1281","Trigger Options Eclipse/Revolution - BLACK-OPS Coated"
"513","Trigger Options HP(A/B/SB)"
"1273","Trigger Options HP(C/ All Hi Line)"
"1278","Trigger Options Kustom (CM/CH)"
"1279","Trigger Options Kustom (CS)"
"519","Triple Action Handle"
"547","Trucker"
"543","Trucker Hat"
"1132","UA Catalyst"
"435","Ultra Mask"
"409","Unigrit"
"747","Upgrades Avanti"
"155","Upgrades ECL"
"11","Upgrades-CM-c/b/sb"
"854","Upgrades-CM-C+ (Round Button)"
"972","Upgrades-CM-C+ (sig. series coated)"
"1027","Upgrades-CM-C+ (Square Trig)"
"1015","Upgrades-CM-KCM (sig. series coated)"
"154","Upgrades-HP c, bc"
"537","URP"
"1224","Valley Kustoms Sand Discs"
"1227","Valley Kustoms Sand Discs SINGLES"
"1239","Valley Kustoms Sizing"
"642","Variegated Black Leaf"
"644","Variegated Blue Leaf"
"693","Variegated Carousel Blue Leaf"
"694","Variegated Carousel Red Leaf"
"708","Variegated Fusion Blue Leaf"
"707","Variegated Fusion Red Leaf"
"643","Variegated Green Leaf"
"706","Variegated M Fusion Blue Leaf"
"705","Variegated M Fusion Red Leaf"
"641","Variegated Red Leaf"
"578","Venture Tape"
"156","VHS/DVD"
"949","Vintage Activator"
"948","Vintage Activator Flat"
"440","Virus II"
"369","VL Glass"
"1429","VsionAir Canvas Jig"
"1427","VsionAir Independent Airbrush Workstation A3/A4"
"1431","VsionAir Table Clamp"
"1428","VsionAir Toolbar Rig"
"1430","VsionAir Tripod Crown Feet"
"812","W101AG"
"479","WB25BT"
"715","Wicked Detail Colors"
"1112","Wicked Detail Universal Fleshtone"
"736","Wicked FL Colors"
"904","Wicked Flat White"
"793","Wicked glow"
"1113","wicked glow white (no 8oz)"
"1408","Wicked Opaque Black/White"
"1407","Wicked Opaque Colors"
"746","Wicked Pearl Colors"
"647","Wicked Transparent Colors"
"930","Wood Canvas 1-1/2"
"411","X-2010"
"379","Xposure Coating"
"523","Xtreme 5170"
"525","Xtreme 5182"
"602","XXX Adhesion Promoter"
"444","Youth-Dorr"
